insert into type (user_type,user_type_name) values ('1','regular_user');
insert into type (user_type,user_type_name) values ('2','publisher');
insert into type (user_type,user_type_name) values ('3','manager');
																														   -- passwords
insert into users(id,name,password,user_type) values ("manager1","ArdaGoksel","8Yc3pB8JZXYyi3dnJYa1Qw==",'3');             -- managerpassword

insert into users(id,name,password,user_type) values ("publis01","Everest Yayınları","dsYeUleg3nH7HGapX0zxqQ==",'2');      -- publishpassword1
insert into users(id,name,password,user_type) values ("publis02","Presstij Kitap","X6kZY2pU4fbclPMXl16o2w==",'2');         -- publishpassword2
insert into users(id,name,password,user_type) values ("publis03","Akılçelen Kitaplar","pTvnvIdtHJh4thXD0uV4+g==",'2');     -- publishpassword3
insert into users(id,name,password,user_type) values ("publis04","Hocawebde Yayınları","irrXehBKWFaMXV46lmNubA==",'2');    -- publishpassword4
insert into users(id,name,password,user_type) values ("publis05","The MIT Press","5vEWMLVZhO3b9+EAA611Rg==",'2');          -- publishpassword5
insert into users(id,name,password,user_type) values ("publis06","Mc Graw Hill Education","EK+SvocmRNnIyqQo+psCQw==",'2'); -- publishpassword6
insert into users(id,name,password,user_type) values ("publis07","İSEM Yayıncılık","4S1Mz5QJYbX15xLWpy3XxQ==",'2');        -- publishpassword7
insert into users(id,name,password,user_type) values ("publis08","Prentice Hall","CiD2hcstPTe8Bz2wi+oDSA==",'2');          -- publishpassword8
insert into users(id,name,password,user_type) values ("publis09","Ketebe","sFkdTkGERQyAqx/l2BwaoA==",'2');                 -- publishpassword9
insert into users(id,name,password,user_type) values ("publis10","Alfa Yayıncılık","DMAJ8dykT0d8KTfZQhfjSg==",'2');        -- publishpassword10
insert into users(id,name,password,user_type) values ("publis11","Remzi Kitabevi","2U3xJNhllHMcub027ZQZQg==",'2');         -- publishpassword11
insert into users(id,name,password,user_type) values ("publis12","Homer Kitabevi","0fKLQzwATJ2e7C2WBadAjA==",'2');         -- publishpassword12
insert into users(id,name,password,user_type) values ("publis13","Pan Yayıncılık","CXtV+Nic5H3USzJ1blUs1A==",'2');         -- publishpassword13
insert into users(id,name,password,user_type) values ("publis14","Arkadaş Yayıncılık","TMMoVwNMIj6iE7wo/wEi2A==",'2');     -- publishpassword14
insert into users(id,name,password,user_type) values ("publis15","Say Yayınları","7wxM+t/SSlkZ5OSEhk/jkw==",'2');          -- publishpassword15
insert into users(id,name,password,user_type) values ("publis16","Bilim ve Gelecek","BMYFGTk+PiCVzYD88fjMKQ==",'2');       -- publishpassword16
insert into users(id,name,password,user_type) values ("publis17","Altın Kitaplar","Cxu9CW8+ehlvGqn0Fr9uZg==",'2');         -- publishpassword17
insert into users(id,name,password,user_type) values ("publis18","Domingo Yayınevi","1Nkw6RiF0RvczeZ0ThUmag==",'2');       -- publishpassword18
insert into users(id,name,password,user_type) values ("publis19","Doruk Yayınları","8ZLODIoLY73H3xUd5W+emw==",'2');        -- publishpassword19
insert into users(id,name,password,user_type) values ("publis20","Atlas Kitap","DALXBlxaORgvv1rk/Se1NA==",'2');            -- publishpassword20
insert into users(id,name,password,user_type) values ("publis21","Edebiyatist","99ey+KPxLHq08dpTQ7VYQw==",'2');            -- publishpassword21
insert into users(id,name,password,user_type) values ("publis22","Sel Yayıncılık","9akM7MQpz6LaWcTBYXdtNA==",'2');         -- publishpassword22
insert into users(id,name,password,user_type) values ("publis23","Can Yayınları","NXlv4MH7LdN63flGPyvDrg==",'2');          -- publishpassword23
insert into users(id,name,password,user_type) values ("publis24","Doğan Kitap","EhiCGK4O6sQPuhNXvyQfcg==",'2');            -- publishpassword24
insert into users(id,name,password,user_type) values ("publis25","Ütopya Yayınevi","tRw/AlmDAyHUpoYRhIiv1Q==",'2');        -- publishpassword25
insert into users(id,name,password,user_type) values ("publis26","Çağaloğlu Yayınevi","N2ZWeUHqamep47k9hG4/6g==",'2');     -- publishpassword26
insert into users(id,name,password,user_type) values ("publis27","Gerekli Şeyler","u/afhhS81DADVQlUIANCXw==",'2');         -- publishpassword27
insert into users(id,name,password,user_type) values ("publis28","Kronik Kitap","aIVTBVdfFa+7xYmk9f04NA==",'2');           -- publishpassword28


insert into genre(genre_name) values ("Comic Book");
insert into genre(genre_name) values ("Education");
insert into genre(genre_name) values ("History");
insert into genre(genre_name) values ("Art");
insert into genre(genre_name) values ("Science");
insert into genre(genre_name) values ("Philosophy");
insert into genre(genre_name) values ("Literature");



insert into author(author_name) values ("Emma Vieceli");
insert into author(author_name) values ("Mike Johnson");
insert into author(author_name) values ("Buket Uzuner");
insert into author(author_name) values ("Tsugumi Ooba");
insert into author(author_name) values ("Gene Luen Yang");
insert into author(author_name) values ("Aydın Yüce");
insert into author(author_name) values ("Ethem Alpaydın");
insert into author(author_name) values ("Abraham Silberschatz");
insert into author(author_name) values ("Fatih Sefi");
insert into author(author_name) values ("Stuart J.Russell");
insert into author(author_name) values ("Norman Stone");
insert into author(author_name) values ("Emrah Safa Gürkan");
insert into author(author_name) values ("Susan Wise Bauer");
insert into author(author_name) values ("Nuri Balcı");
insert into author(author_name) values ("Marc Van De Mieroop");
insert into author(author_name) values ("İlhan Mimaroğlu");
insert into author(author_name) values ("Yalçın İman");
insert into author(author_name) values ("Brian Boone");
insert into author(author_name) values ("Müjdat Takıcak");
insert into author(author_name) values ("Nurten Gökalp");
insert into author(author_name) values ("Zafer Köse");
insert into author(author_name) values ("George Orwell");
insert into author(author_name) values ("Jose Mauro De Vasconselos");
insert into author(author_name) values ("Paulo Coelho");
insert into author(author_name) values ("Zülfü Livaneli");
insert into author(author_name) values ("N.keser");
insert into author(author_name) values ("Veysi Yıldırım");
insert into author(author_name) values ("Madelynn Dickerson");
insert into author(author_name) values ("Cem Say");
insert into author(author_name) values ("Carl Sagan");
insert into author(author_name) values ("Charles Darwin");
insert into author(author_name) values ("Stephan Hawking");
insert into author(author_name) values ("Nigel Warburton");
insert into author(author_name) values ("Macit Gökberk");
insert into author(author_name) values ("Paul Kleinman");


insert into topic(topic_name) values ("Dram");
insert into topic(topic_name) values ("Science fiction");
insert into topic(topic_name) values ("Romance");
insert into topic(topic_name) values ("Adventure");
insert into topic(topic_name) values ("History");
insert into topic(topic_name) values ("Computer Science");
insert into topic(topic_name) values ("War");
insert into topic(topic_name) values ("Ottoman Empire");
insert into topic(topic_name) values ("Civilization");
insert into topic(topic_name) values ("Music");
insert into topic(topic_name) values ("Artificial Intelligence");
insert into topic(topic_name) values ("Universe");
insert into topic(topic_name) values ("Evolution");
insert into topic(topic_name) values ("Brain Anathomy");
insert into topic(topic_name) values ("History of Philosophy");
insert into topic(topic_name) values ("Math in Philosophy");
insert into topic(topic_name) values ("Philosophy of Emotion");
insert into topic(topic_name) values ("Literature History");
insert into topic(topic_name) values ("Adventure");
insert into topic(topic_name) values ("Love");
insert into topic(topic_name) values ("Methodologies");
insert into topic(topic_name) values ("Perspectives");
insert into topic(topic_name) values ("History of Art");
insert into topic(topic_family_id,topic_name) values (24,"Romance");
insert into topic(topic_family_id,topic_name) values (24,"Dram");
insert into topic(topic_family_id,topic_name) values (24,"Adventure");
insert into topic(topic_family_id,topic_name) values (25,"Adventure");
insert into topic(topic_family_id,topic_name) values (25,"Scince Fiction");
insert into topic(topic_family_id,topic_name) values (26,"Love");
insert into topic(topic_family_id,topic_name) values (26,"Romance");
insert into topic(topic_family_id,topic_name) values (27,"Adventure");
insert into topic(topic_family_id,topic_name) values (27,"Fantastic");
insert into topic(topic_family_id,topic_name) values (28,"Question bank");
insert into topic(topic_family_id,topic_name) values (28,"History");
insert into topic(topic_family_id,topic_name) values (29,"Computer Science");
insert into topic(topic_family_id,topic_name) values (29,"Science");
insert into topic(topic_family_id,topic_name) values (30,"Ottoman Empire");
insert into topic(topic_family_id,topic_name) values (30,"War");
insert into topic(topic_family_id,topic_name) values (31,"Civilization");
insert into topic(topic_family_id,topic_name) values (31,"Mythology");
insert into topic(topic_family_id,topic_name) values (32,"Music");
insert into topic(topic_family_id,topic_name) values (32,"Jazz");
insert into topic(topic_family_id,topic_name) values (33,"Music");
insert into topic(topic_family_id,topic_name) values (33,"Methodologies");
insert into topic(topic_family_id,topic_name) values (34,"Music");
insert into topic(topic_family_id,topic_name) values (34,"History");
insert into topic(topic_family_id,topic_name) values (35,"Universe");
insert into topic(topic_family_id,topic_name) values (35,"Science");
insert into topic(topic_family_id,topic_name) values (36,"Evolution");
insert into topic(topic_family_id,topic_name) values (36,"Science");
insert into topic(topic_family_id,topic_name) values (37,"History of Art");
insert into topic(topic_family_id,topic_name) values (37,"Math");
insert into topic(topic_family_id,topic_name) values (38,"Dram");
insert into topic(topic_family_id,topic_name) values (38,"Adventure");
insert into topic(topic_name) values ("Science");
insert into topic(topic_name) values ("Mythology");


insert into book (title,author_id, genre_id,topic_family_id, publisher_id, publish_date, page_number, availability,request) values("Hamlet",1,1,24,"publis01","2009/12/26",196,true,0);
insert into book (title,author_id, genre_id, topic_family_id, publisher_id, publish_date, page_number, availability,request) values("Star Trek",2,1,25,"publis02","2017/7/5",222,true,0);
insert into book (title,author_id, genre_id, topic_family_id, publisher_id, publish_date, page_number, availability,request) values("Istanbullular",3,1,26,"publis01","2010/2/14",129,true,0);
insert into book (title,author_id, genre_id, topic_family_id, publisher_id, publish_date, page_number, availability,request) values("Death Note",4,1,27,"publis03","2014/4/18",199,true,0);
insert into book (title,author_id, genre_id, topic_family_id, publisher_id, publish_date, page_number, availability,request) values("Avatar",5,1,27,"publis27","2020/4/18",240,true,0);


insert into book (title,author_id, genre_id, topic_family_id, publisher_id, publish_date, page_number, availability,request) values("KPSS Tarih",6,2,28,"publis04","2020/10/14",342,true,0);
insert into book (title,author_id, genre_id, topic_family_id, publisher_id, publish_date, page_number, availability,request) values("Introduction to Machine Learning",7,2,29,"publis05","2004/2/20",415,true,0);
insert into book (title,author_id, genre_id, topic_family_id, publisher_id, publish_date, page_number, availability,request) values("Database System Concepts",8,2,29,"publis06","2011/3/28",1344,true,0);
insert into book (title,author_id, genre_id, topic_family_id, publisher_id, publish_date, page_number, availability,request) values("T.C. İnkılap tarihi ve Atatürkçülük Denemesi",9,2,28,"publis07","2019/7/08",160,true,0);
insert into book (title,author_id, genre_id, topic_family_id, publisher_id, publish_date, page_number, availability,request) values("Artificial Intelligence",10,2,29,"publis08","1994/9/10",1136,true,0);


insert into book (title,author_id, genre_id, topic_family_id, publisher_id, publish_date, page_number, availability,request) values("İkinci Dünya Savaşı",11,3,7,"publis09","2019/3/10",247,true,0);
insert into book (title,author_id, genre_id, topic_family_id, publisher_id, publish_date, page_number, availability,request) values("Sultanın Casusları",12,3,30,"publis28","2017/2/20",410,true,0);
insert into book (title,author_id, genre_id, topic_family_id, publisher_id, publish_date, page_number, availability,request) values("Antik Dünya",13,3,31,"publis10","2018/10/10",880,true,0);
insert into book (title,author_id, genre_id, topic_family_id, publisher_id, publish_date, page_number, availability,request) values("Çanakkale Savaşı",14,3,7,"publis11","2018/2/4",198,true,0);
insert into book (title,author_id, genre_id, topic_family_id, publisher_id, publish_date, page_number, availability,request) values("Eski Mısır Tarihi",15,3,30,"publis12","2019/5/25",234,true,0);

insert into book (title,author_id, genre_id, topic_family_id, publisher_id, publish_date, page_number, availability,request) values("Caz Sanatı",16,4,32,"publis13","2013/9/17",132,true,0);
insert into book (title,author_id, genre_id, topic_family_id, publisher_id, publish_date, page_number, availability,request) values("Piyano Metodu",17,4,10,"publis14","2014/11/3",154,true,0);
insert into book (title,author_id, genre_id, topic_family_id, publisher_id, publish_date, page_number, availability,request) values("Müzik Teorisi 101",18,4,33,"publis15","2018/1/22",256,true,0);
insert into book (title,author_id, genre_id, topic_family_id, publisher_id, publish_date, page_number, availability,request) values ('Sanat Metodojileri',26,4,33,'publis25','2018-01-05','321',true,0);
insert into book (title,author_id, genre_id, topic_family_id, publisher_id, publish_date, page_number, availability,request) values ('Sanat İçinde Sanat',27,4,33,'publis26','2020-02-21','108',true,0);
insert into book (title,author_id, genre_id, topic_family_id, publisher_id, publish_date, page_number, availability,request) values ('Sanat Tarihi',28,4,34,'publis15','2018-09-27','408',true,0);


insert into book (title,author_id, genre_id, topic_family_id, publisher_id, publish_date, page_number, availability,request) values ('50 Soruda Yapay Zeka',29,5,29,'publis16','2018-05-29','188',true,0);		
insert into book (title,author_id, genre_id, topic_family_id, publisher_id, publish_date, page_number, availability,request) values ('Kozmos',30,5,35,'publis17','1980-04-01','398',true,0);		
insert into book (title,author_id, genre_id, topic_family_id, publisher_id, publish_date, page_number, availability,request) values ('Türlerin Kökeni',31,5,36,'publis10','1859-09-23','504',true,0);		
insert into book (title,author_id, genre_id, topic_family_id, publisher_id, publish_date, page_number, availability,request) values ('Incognito',35,5,14,'publis18','2011-11-05','294',true,0);		
insert into book (title,author_id, genre_id, topic_family_id, publisher_id, publish_date, page_number, availability,request) values ('Büyük Sorulara Kısa Yanıtlar',31,5,35,'publis10','2018-09-09','200',true,0);		

insert into book (title,author_id, genre_id, topic_family_id, publisher_id, publish_date, page_number, availability,request) values ('Felsefeye Giriş',33,6,15,'publis10','2012-07-17','320',true,0);
insert into book (title,author_id, genre_id, topic_family_id, publisher_id, publish_date, page_number, availability,request) values ('Felsefe Tarihi',34,6,15,'publis11','1990-10-02','560',true,0);
insert into book (title,author_id, genre_id, topic_family_id, publisher_id, publish_date, page_number, availability,request) values ('Felsefe 101',35,6,15,'publis15','2014-11-09','288',true,0);
insert into book (title,author_id, genre_id, topic_family_id, publisher_id, publish_date, page_number, availability,request) values ('Matematik Felsefesi',18,6,37,'publis19','1992-07-22','92',true,0);
insert into book (title,author_id, genre_id, topic_family_id, publisher_id, publish_date, page_number, availability,request) values ('Duygu Felsefesi',19,6,17,'publis20','1989-12-30','134',true,0);

insert into book (title,author_id, genre_id, topic_family_id, publisher_id, publish_date, page_number, availability,request) values ('Yolda',21,7,1,'publis21','1999-12-09','128',true,0);
insert into book (title,author_id, genre_id, topic_family_id, publisher_id, publish_date, page_number, availability,request) values ('Edebiyat Üzerine',22,7,18,'publis22','2018-07-08','98',true,0);
insert into book (title,author_id, genre_id, topic_family_id, publisher_id, publish_date, page_number, availability,request) values ('Şeker Portakalı',23,7,24,'publis23','1999-05-30','128',true,0);
insert into book (title,author_id, genre_id, topic_family_id, publisher_id, publish_date, page_number, availability,request) values ('Simyacı',24,7,24,'publis23','2010-06-11','188',true,0);
insert into book (title,author_id, genre_id, topic_family_id, publisher_id, publish_date, page_number, availability,request) values ('Serenad',25,7,26,'publis24','2016-09-07','484',true,0);


insert into section (genre_id, floor_number,part_name) values (1,1,'A');
insert into section (genre_id, floor_number,part_name) values (2,2,'B');
insert into section (genre_id, floor_number,part_name) values (3,3,'A');
insert into section (genre_id, floor_number,part_name) values (4,3,'B');
insert into section (genre_id, floor_number,part_name) values (5,2,'A');
insert into section (genre_id, floor_number,part_name) values (6,3,'C');
insert into section (genre_id, floor_number,part_name) values (7,1,'B');


